Least Probable Word,Probability
ACQUAINTANCE,8e-05
ACTUAL,8e-05
AGREEMENT,8e-05
APPEARANCE,8e-05
Acquaintance,8e-05
Additional,8e-05
Author,8e-05
Awareness,8e-05
BIBLIOGRAPHICAL,8e-05
Bannerman,8e-05
Books,8e-05
Bradley,8e-05
British,8e-05
Broadly,8e-05
CONSEQUENTIAL,8e-05
CONTRACT,8e-05
Campbell,8e-05
Cantor,8e-05
City,8e-05
Compliance,8e-05
Considered,8e-05
Contact,8e-05
Continental,8e-05
Contributions,8e-05
Copyright,8e-05
Creating,8e-05
DAMAGE,8e-05
DESCRIPTION,8e-05
DIRECT,8e-05
DISCLAIMER,8e-05
DISTRIBUTE,8e-05
DISTRIBUTOR,8e-05
DONATIONS,8e-05
December,8e-05
Defect,8e-05
Defects,8e-05
Degrees,8e-05
Domestic,8e-05
EIN,8e-05
ERROR,8e-05
EXISTENCE,8e-05
EXPRESS,8e-05
Earth,8e-05
East,8e-05
Email,8e-05
England,8e-05
English,8e-05
Euclid,8e-05
Europe,8e-05
FALSEHOOD,8e-05
FITNESS,8e-05
FOUNDATION,8e-05
Food,8e-05
Future,8e-05
Georg,8e-05
George,8e-05
Gilbert,8e-05
Gordon,8e-05
Granted,8e-05
Greeks,8e-05
Hart,8e-05
Henry,8e-05
Human,8e-05
IDEALISM,8e-05
III,8e-05
IMPLIED,8e-05
INCIDENTAL,8e-05
INCLUDING,8e-05
INDEMNITY,8e-05
INDIRECT,8e-05
INDUCTION,8e-05
INTUITIVE,8e-05
IRS,8e-05
Idealists,8e-05
Ides,8e-05
Immanuel,8e-05
Instances,8e-05
Internal,8e-05
International,8e-05
Judgements,8e-05
Judging,8e-05
June,8e-05
Kantian,8e-05
Keener,8e-05
Keynes,8e-05
KÃ¶nigsberg,8e-05
LIABILITY,8e-05
LIABLE,8e-05
LIMITS,8e-05
Lake,8e-05
Language,8e-05
Latin,8e-05
Leaving,8e-05
Library,8e-05
Light,8e-05
Locke,8e-05
MERCHANTABILITY,8e-05
March,8e-05
Memories,8e-05
Michael,8e-05
Mission,8e-05
Mississippi,8e-05
Moore,8e-05
Murray,8e-05
NATURE,8e-05
NEGLIGENCE,8e-05
NOTE,8e-05
NOTICE,8e-05
Neglecting,8e-05
Newton,8e-05
North,8e-05
OPINION,8e-05
OWNER,8e-05
Opposition,8e-05
PARAGRAPH,8e-05
PGLAF,8e-05
PHILOSOPHICAL,8e-05
POSSIBILITY,8e-05
PREFACE,8e-05
PRINCIPLES,8e-05
PROBABLE,8e-05
PUNITIVE,8e-05
PURPOSE,8e-05
Philosophical,8e-05
Principles,8e-05
Produced,8e-05
Pronouns,8e-05
Prussia,8e-05
READ,8e-05
REALITY,8e-05
REFUND,8e-05
REMEDIES,8e-05
REPLACEMENT,8e-05
Rationalists,8e-05
Redistributing,8e-05
Redistribution,8e-05
Reflection,8e-05
Refund,8e-05
Release,8e-05
Replacement,8e-05
Returning,8e-05
Revenue,8e-05
Revolution,8e-05
Roman,8e-05
SEND,8e-05
STRICT,8e-05
Salt,8e-05
Sceptics,8e-05
Sections,8e-05
Service,8e-05
Sir,8e-05
Space,8e-05
Speaking,8e-05
Special,8e-05
Starting,8e-05
Struldbugs,8e-05
Swift,8e-05
TRADEMARK,8e-05
TRUTH,8e-05
Times,8e-05
Title,8e-05
Truth,8e-05
Truths,8e-05
UT,8e-05
Uneducated,8e-05
Universals,8e-05
Universe,8e-05
University,8e-05
Updated,8e-05
VIII,8e-05
Volunteers,8e-05
War,8e-05
Waterloo,8e-05
West,8e-05
Whitehead,8e-05
XII,8e-05
XIII,8e-05
XIV,8e-05
XV,8e-05
York,8e-05
abide,8e-05
abstain,8e-05
abstracted,8e-05
abstractions,8e-05
abstractly,8e-05
absurdities,8e-05
acceptance,8e-05
accepts,8e-05
accessed,8e-05
accessible,8e-05
accident,8e-05
accidental,8e-05
accidents,8e-05
accompanied,8e-05
accord,8e-05
accounting,8e-05
accurate,8e-05
accusative,8e-05
achieve,8e-05
achieves,8e-05
acquiesce,8e-05
acquiescence,8e-05
acquisition,8e-05
activity,8e-05
acute,8e-05
adapts,8e-05
adding,8e-05
address,8e-05
addresses,8e-05
adduced,8e-05
adequacy,8e-05
adequately,8e-05
admirable,8e-05
admitting,8e-05
admixture,8e-05
advances,8e-05
adversaries,8e-05
advocate,8e-05
advocates,8e-05
advocating,8e-05
aesthetic,8e-05
aether,8e-05
affairs,8e-05
affections,8e-05
affirmative,8e-05
afforded,8e-05
agent,8e-05
agreeably,8e-05
aim,8e-05
aimed,8e-05
akin,8e-05
alien,8e-05
allowed,8e-05
allowing,8e-05
alteration,8e-05
altered,8e-05
alternate,8e-05
alternatives,8e-05
alters,8e-05
ambitious,8e-05
amend,8e-05
amply,8e-05
analogous,8e-05
analyse,8e-05
analyses,8e-05
anatomist,8e-05
animal,8e-05
announcement,8e-05
anticipate,8e-05
anticipating,8e-05
anticipation,8e-05
appearances,8e-05
appearing,8e-05
appetite,8e-05
application,8e-05
applied,8e-05
apportions,8e-05
apprehends,8e-05
approaches,8e-05
approaching,8e-05
arduous,8e-05
argues,8e-05
arguing,8e-05
arose,8e-05
arrange,8e-05
array,8e-05
arrived,8e-05
arriving,8e-05
arrogant,8e-05
artificial,8e-05
ascertained,8e-05
assassinated,8e-05
assented,8e-05
assigns,8e-05
assimilate,8e-05
assist,8e-05
assumptions,8e-05
assurance,8e-05
assure,8e-05
assured,8e-05
astray,8e-05
ate,8e-05
atoms,8e-05
attached,8e-05
attack,8e-05
attain,8e-05
attainable,8e-05
attested,8e-05
attitude,8e-05
attributing,8e-05
avoided,8e-05
avoiding,8e-05
babies,8e-05
baldness,8e-05
banging,8e-05
bar,8e-05
barrier,8e-05
bed,8e-05
beg,8e-05
begging,8e-05
beginner,8e-05
begs,8e-05
begun,8e-05
behave,8e-05
behaviour,8e-05
beleagured,8e-05
bell,8e-05
bewildering,8e-05
bid,8e-05
bigger,8e-05
binary,8e-05
binds,8e-05
blank,8e-05
bolder,8e-05
bone,8e-05
bored,8e-05
borne,8e-05
bounds,8e-05
brick,8e-05
briefest,8e-05
brighter,8e-05
brightness,8e-05
broken,8e-05
build,8e-05
builder,8e-05
buildings,8e-05
calculate,8e-05
calculated,8e-05
calm,8e-05
camps,8e-05
candid,8e-05
card,8e-05
careful,8e-05
carelessly,8e-05
carry,8e-05
catalogue,8e-05
catalogued,8e-05
catching,8e-05
categories,8e-05
causing,8e-05
centuries,8e-05
century,8e-05
chance,8e-05
changeable,8e-05
changed,8e-05
charitable,8e-05
charities,8e-05
checks,8e-05
child,8e-05
chimaera,8e-05
choice,8e-05
chosen,8e-05
citizens,8e-05
citizenship,8e-05
city,8e-05
clash,8e-05
clashes,8e-05
clean,8e-05
clock,8e-05
closed,8e-05
closer,8e-05
closes,8e-05
clouds,8e-05
coalesce,8e-05
codes,8e-05
cohere,8e-05
coin,8e-05
coins,8e-05
collective,8e-05
colony,8e-05
combination,8e-05
combine,8e-05
coming,8e-05
commercial,8e-05
commit,8e-05
communicate,8e-05
community,8e-05
comparative,8e-05
compare,8e-05
compared,8e-05
comparing,8e-05
competent,8e-05
compilation,8e-05
complement,8e-05
completed,8e-05
compressed,8e-05
conceivable,8e-05
conceivably,8e-05
concentrate,8e-05
concluded,8e-05
concourse,8e-05
condemns,8e-05
conduct,8e-05
confess,8e-05
confine,8e-05
confining,8e-05
confirmation,8e-05
confirmed,8e-05
confirms,8e-05
conflict,8e-05
conformity,8e-05
confused,8e-05
confusing,8e-05
confusions,8e-05
confute,8e-05
conjecture,8e-05
connecting,8e-05
connects,8e-05
consent,8e-05
consequences,8e-05
consisted,8e-05
constituting,8e-05
construct,8e-05
constructed,8e-05
constructing,8e-05
constructions,8e-05
constructive,8e-05
contemplated,8e-05
contemplating,8e-05
contemplative,8e-05
contemptuously,8e-05
contended,8e-05
contention,8e-05
contentions,8e-05
continued,8e-05
continuing,8e-05
continuous,8e-05
continuously,8e-05
contradict,8e-05
contradictory,8e-05
contrast,8e-05
contributed,8e-05
contribution,8e-05
contributions,8e-05
convenient,8e-05
converged,8e-05
conversation,8e-05
convert,8e-05
convincing,8e-05
cool,8e-05
corporation,8e-05
correlative,8e-05
corresponded,8e-05
corrupt,8e-05
counterparts,8e-05
countless,8e-05
countries,8e-05
cranny,8e-05
creates,8e-05
creation,8e-05
criterion,8e-05
criticisms,8e-05
criticized,8e-05
crudely,8e-05
current,8e-05
custom,8e-05
customary,8e-05
cut,8e-05
cutting,8e-05
damage,8e-05
damaged,8e-05
danger,8e-05
dates,8e-05
debate,8e-05
debated,8e-05
deceitful,8e-05
deceive,8e-05
deceptive,8e-05
decides,8e-05
deciding,8e-05
decision,8e-05
declared,8e-05
deducing,8e-05
deductible,8e-05
deeds,8e-05
deeply,8e-05
defeated,8e-05
defensible,8e-05
defined,8e-05
definiteness,8e-05
definitions,8e-05
deletions,8e-05
deliberate,8e-05
delightful,8e-05
delusion,8e-05
demanding,8e-05
demonstrably,8e-05
demonstrative,8e-05
demonstratively,8e-05
denies,8e-05
dentist,8e-05
dependence,8e-05
depending,8e-05
descend,8e-05
describes,8e-05
describing,8e-05
descriptive,8e-05
desert,8e-05
deserts,8e-05
deserves,8e-05
deserving,8e-05
designate,8e-05
desirability,8e-05
desirable,8e-05
desiring,8e-05
desirous,8e-05
destroyed,8e-05
destroys,8e-05
destructive,8e-05
detach,8e-05
determines,8e-05
development,8e-05
developments,8e-05
diary,8e-05
dictionary,8e-05
die,8e-05
diminish,8e-05
diminished,8e-05
diminishes,8e-05
dined,8e-05
directions,8e-05
directs,8e-05
disappear,8e-05
disappoint,8e-05
disappointing,8e-05
disclaim,8e-05
disclaimers,8e-05
discontinue,8e-05
discuss,8e-05
disease,8e-05
disengaged,8e-05
disk,8e-05
dismiss,8e-05
dispassionately,8e-05
display,8e-05
displayed,8e-05
disputable,8e-05
disputants,8e-05
dissociated,8e-05
distinctly,8e-05
distinguishes,8e-05
distort,8e-05
distorts,8e-05
diverge,8e-05
divest,8e-05
divide,8e-05
divided,8e-05
divisibility,8e-05
dogmas,8e-05
dogmatic,8e-05
dogmatism,8e-05
domestic,8e-05
dominion,8e-05
donation,8e-05
donors,8e-05
doubtless,8e-05
downloading,8e-05
drawn,8e-05
dried,8e-05
drifted,8e-05
drive,8e-05
drives,8e-05
duly,8e-05
easiest,8e-05
eclipse,8e-05
edition,8e-05
educated,8e-05
educational,8e-05
effected,8e-05
elapse,8e-05
elapsed,8e-05
elect,8e-05
elected,8e-05
electric,8e-05
elementary,8e-05
elements,8e-05
elucidation,8e-05
email,8e-05
embark,8e-05
emerged,8e-05
emerges,8e-05
emitted,8e-05
emitting,8e-05
emphasized,8e-05
emphatically,8e-05
employee,8e-05
employees,8e-05
employs,8e-05
engagement,8e-05
engendered,8e-05
enlarged,8e-05
enlarges,8e-05
enormously,8e-05
enrich,8e-05
ensuring,8e-05
entails,8e-05
entangled,8e-05
enter,8e-05
entertaining,8e-05
enumerated,8e-05
enumeration,8e-05
enunciated,8e-05
equal,8e-05
equivocation,8e-05
ergo,8e-05
estimated,8e-05
eternal,8e-05
eternally,8e-05
everyday,8e-05
exact,8e-05
examines,8e-05
exceedingly,8e-05
excluding,8e-05
exclusion,8e-05
exemplify,8e-05
existent,8e-05
expend,8e-05
expense,8e-05
explicitly,8e-05
explored,8e-05
exploring,8e-05
exponents,8e-05
exporting,8e-05
expressions,8e-05
extend,8e-05
extends,8e-05
extensive,8e-05
extrinsic,8e-05
fabric,8e-05
facility,8e-05
faculty,8e-05
failing,8e-05
fainter,8e-05
faintness,8e-05
fallacies,8e-05
fallacy,8e-05
fallible,8e-05
falls,8e-05
falsified,8e-05
family,8e-05
fancy,8e-05
fast,8e-05
fatal,8e-05
favouritism,8e-05
fear,8e-05
features,8e-05
fed,8e-05
feeds,8e-05
fetters,8e-05
feverish,8e-05
file,8e-05
files,8e-05
financial,8e-05
fine,8e-05
fixed,8e-05
flash,8e-05
foes,8e-05
foolish,8e-05
football,8e-05
force,8e-05
forces,8e-05
forget,8e-05
forgetting,8e-05
forgo,8e-05
forgotten,8e-05
forks,8e-05
formal,8e-05
formally,8e-05
formats,8e-05
fortress,8e-05
fortuitous,8e-05
fortune,8e-05
forwards,8e-05
fostered,8e-05
fourth,8e-05
fragment,8e-05
fragments,8e-05
framework,8e-05
frightened,8e-05
fulfilment,8e-05
fulfils,8e-05
gain,8e-05
garrison,8e-05
generality,8e-05
geography,8e-05
geology,8e-05
glance,8e-05
glasses,8e-05
globe,8e-05
goals,8e-05
goodwill,8e-05
gradations,8e-05
grain,8e-05
grapple,8e-05
grasp,8e-05
gratefully,8e-05
gratuitous,8e-05
gravely,8e-05
greens,8e-05
groundless,8e-05
grow,8e-05
growing,8e-05
guarded,8e-05
guide,8e-05
habits,8e-05
habitual,8e-05
habitually,8e-05
halves,8e-05
handbooks,8e-05
happiness,8e-05
hardnesses,8e-05
harm,8e-05
harmless,8e-05
harmony,8e-05
hates,8e-05
hatred,8e-05
hatreds,8e-05
heartbeats,8e-05
heaven,8e-05
heavens,8e-05
helpful,8e-05
heretofore,8e-05
hesitatingly,8e-05
hides,8e-05
hills,8e-05
hinder,8e-05
historian,8e-05
historic,8e-05
historically,8e-05
honour,8e-05
hoofs,8e-05
hoped,8e-05
hopeless,8e-05
horrors,8e-05
host,8e-05
hot,8e-05
hundreds,8e-05
hypertext,8e-05
identification,8e-05
ignorance,8e-05
ignorant,8e-05
illumination,8e-05
illusoriness,8e-05
illusory,8e-05
illustrated,8e-05
illustrations,8e-05
immutable,8e-05
impaired,8e-05
impairs,8e-05
impartial,8e-05
impartially,8e-05
impenetrable,8e-05
impersonal,8e-05
impose,8e-05
impression,8e-05
imprisoned,8e-05
inaccurate,8e-05
inclination,8e-05
includes,8e-05
incompatible,8e-05
inconsistencies,8e-05
inconsistency,8e-05
increase,8e-05
increasing,8e-05
incredulous,8e-05
indefinitely,8e-05
indemnify,8e-05
independence,8e-05
indestructible,8e-05
indicating,8e-05
inevitable,8e-05
inexplicable,8e-05
infallibility,8e-05
infancy,8e-05
infected,8e-05
inferring,8e-05
infinitesimal,8e-05
inflected,8e-05
inflections,8e-05
influence,8e-05
infringed,8e-05
infringement,8e-05
inhabitants,8e-05
inhabited,8e-05
inherent,8e-05
innate,8e-05
innocent,8e-05
inoperative,8e-05
inquire,8e-05
inquired,8e-05
insistent,8e-05
insoluble,8e-05
inspiration,8e-05
instants,8e-05
instincts,8e-05
instrument,8e-05
insubstantial,8e-05
intelligent,8e-05
intended,8e-05
intently,8e-05
interact,8e-05
interferes,8e-05
intermediary,8e-05
internal,8e-05
interpret,8e-05
interpreted,8e-05
interrelation,8e-05
interrupted,8e-05
introduce,8e-05
intuitively,8e-05
invalidity,8e-05
invented,8e-05
inventing,8e-05
inventions,8e-05
investigations,8e-05
invites,8e-05
irrefutable,8e-05
isolation,8e-05
joint,8e-05
justly,8e-05
killed,8e-05
knits,8e-05
knives,8e-05
knowable,8e-05
lapse,8e-05
larger,8e-05
launched,8e-05
lay,8e-05
learnt,8e-05
leaving,8e-05
legally,8e-05
legitimately,8e-05
level,8e-05
liberating,8e-05
liberation,8e-05
liberator,8e-05
liberty,8e-05
library,8e-05
licensed,8e-05
lies,8e-05
limitations,8e-05
limiting,8e-05
linked,8e-05
lips,8e-05
live,8e-05
lived,8e-05
locations,8e-05
logician,8e-05
looked,8e-05
loose,8e-05
loosen,8e-05
lot,8e-05
loud,8e-05
lowest,8e-05
luminously,8e-05
lying,8e-05
magnifies,8e-05
maintain,8e-05
maintaining,8e-05
majority,8e-05
manager,8e-05
marching,8e-05
marriage,8e-05
match,8e-05
maximum,8e-05
meanings,8e-05
melt,8e-05
memories,8e-05
mention,8e-05
mercilessly,8e-05
merest,8e-05
merges,8e-05
merits,8e-05
metaphorically,8e-05
midst,8e-05
miles,8e-05
mineralogist,8e-05
minor,8e-05
miracle,8e-05
misery,8e-05
misleadingness,8e-05
mistake,8e-05
mistakes,8e-05
misunderstanding,8e-05
mitigate,8e-05
mode,8e-05
modification,8e-05
modifications,8e-05
modify,8e-05
momentary,8e-05
month,8e-05
mortality,8e-05
moved,8e-05
movements,8e-05
multiplication,8e-05
multiplicity,8e-05
musical,8e-05
mutually,8e-05
mystic,8e-05
mystical,8e-05
mysticism,8e-05
nation,8e-05
native,8e-05
nearest,8e-05
nearness,8e-05
negligible,8e-05
network,8e-05
newness,8e-05
news,8e-05
newsletter,8e-05
newspapers,8e-05
noises,8e-05
nominative,8e-05
nonproprietary,8e-05
nook,8e-05
noteworthy,8e-05
noticing,8e-05
notifies,8e-05
notions,8e-05
nouns,8e-05
novelist,8e-05
nowadays,8e-05
nowhen,8e-05
numerous,8e-05
objectionable,8e-05
objective,8e-05
oblivious,8e-05
obscure,8e-05
observe,8e-05
observing,8e-05
obsolete,8e-05
obstacle,8e-05
obstacles,8e-05
obstinate,8e-05
obtuse,8e-05
occupant,8e-05
occupying,8e-05
odd,8e-05
office,8e-05
oftener,8e-05
omission,8e-05
oneself,8e-05
opaque,8e-05
operated,8e-05
operative,8e-05
opportunities,8e-05
opportunity,8e-05
opposites,8e-05
orator,8e-05
orderly,8e-05
ordnance,8e-05
organized,8e-05
organizing,8e-05
organs,8e-05
origin,8e-05
originally,8e-05
originator,8e-05
outcome,8e-05
outdated,8e-05
outlines,8e-05
outward,8e-05
oval,8e-05
owed,8e-05
painfully,8e-05
palpable,8e-05
papers,8e-05
paperwork,8e-05
paradoxes,8e-05
paradoxical,8e-05
partially,8e-05
party,8e-05
passage,8e-05
passes,8e-05
pausing,8e-05
pay,8e-05
peace,8e-05
peculiar,8e-05
peculiarly,8e-05
perfection,8e-05
performances,8e-05
periodic,8e-05
permanence,8e-05
perpetual,8e-05
persons,8e-05
perspective,8e-05
persuaded,8e-05
persuading,8e-05
perturbed,8e-05
phantasmagoria,8e-05
phenomenon,8e-05
philosophize,8e-05
physics,8e-05
physiological,8e-05
physiology,8e-05
pink,8e-05
placing,8e-05
plane,8e-05
planet,8e-05
plausibility,8e-05
playing,8e-05
poisonous,8e-05
positively,8e-05
possess,8e-05
possessed,8e-05
possession,8e-05
poverty,8e-05
powerlessness,8e-05
powers,8e-05
practice,8e-05
practised,8e-05
precisely,8e-05
preferable,8e-05
preparing,8e-05
prescribe,8e-05
presence,8e-05
preservation,8e-05
pressing,8e-05
pressure,8e-05
pressures,8e-05
presumption,8e-05
presupposed,8e-05
pretty,8e-05
prevent,8e-05
primitive,8e-05
proceeded,8e-05
proceeds,8e-05
processes,8e-05
processing,8e-05
producing,8e-05
production,8e-05
products,8e-05
profess,8e-05
profit,8e-05
profitable,8e-05
profited,8e-05
profits,8e-05
profoundest,8e-05
progress,8e-05
progressively,8e-05
prohibition,8e-05
prolonged,8e-05
promote,8e-05
promotion,8e-05
pronounce,8e-05
pronouns,8e-05
proofread,8e-05
proposed,8e-05
proprietary,8e-05
provision,8e-05
provisionally,8e-05
provisions,8e-05
prudent,8e-05
psychologically,8e-05
psychology,8e-05
pursue,8e-05
pushed,8e-05
puzzling,8e-05
quibbling,8e-05
range,8e-05
ranging,8e-05
rapping,8e-05
rationalist,8e-05
rationality,8e-05
readable,8e-05
readers,8e-05
realization,8e-05
realized,8e-05
reappear,8e-05
receiving,8e-05
recognizes,8e-05
recombines,8e-05
reconcile,8e-05
reconstructed,8e-05
recorded,8e-05
redistribute,8e-05
redistributing,8e-05
redistribution,8e-05
reduce,8e-05
reducible,8e-05
refined,8e-05
reflecting,8e-05
refutable,8e-05
regress,8e-05
regulating,8e-05
rejection,8e-05
relate,8e-05
relational,8e-05
reliable,8e-05
religion,8e-05
remarkably,8e-05
remarks,8e-05
remote,8e-05
remoter,8e-05
removal,8e-05
removes,8e-05
renamed,8e-05
renounce,8e-05
repeat,8e-05
repeatedly,8e-05
repetition,8e-05
replaced,8e-05
reported,8e-05
reports,8e-05
represent,8e-05
representations,8e-05
representative,8e-05
representing,8e-05
request,8e-05
resemblances,8e-05
residue,8e-05
restate,8e-05
resting,8e-05
restricted,8e-05
retain,8e-05
retained,8e-05
retort,8e-05
returns,8e-05
revealed,8e-05
reversed,8e-05
revert,8e-05
review,8e-05
rigid,8e-05
rival,8e-05
rob,8e-05
robbing,8e-05
roof,8e-05
rooted,8e-05
rotate,8e-05
rotating,8e-05
roundabout,8e-05
rounded,8e-05
rouse,8e-05
roused,8e-05
royalty,8e-05
runs,8e-05
samples,8e-05
satisfaction,8e-05
satisfying,8e-05
save,8e-05
scaffold,8e-05
sceptic,8e-05
sceptical,8e-05
schoolmen,8e-05
sea,8e-05
searches,8e-05
secures,8e-05
seldom,8e-05
sending,8e-05
separated,8e-05
sequel,8e-05
serve,8e-05
service,8e-05
sets,8e-05
seventeenth,8e-05
severe,8e-05
shadow,8e-05
sharing,8e-05
sharp,8e-05
sheets,8e-05
shiny,8e-05
shock,8e-05
short,8e-05
shortly,8e-05
simplify,8e-05
situated,8e-05
skeleton,8e-05
sleeping,8e-05
slowly,8e-05
smelling,8e-05
smells,8e-05
sober,8e-05
society,8e-05
sold,8e-05
solicitation,8e-05
solid,8e-05
solve,8e-05
solves,8e-05
solving,8e-05
sophistry,8e-05
soul,8e-05
sour,8e-05
south,8e-05
specially,8e-05
species,8e-05
spectacles,8e-05
speculative,8e-05
speech,8e-05
spoke,8e-05
spoons,8e-05
sprang,8e-05
staff,8e-05
stages,8e-05
started,8e-05
starting,8e-05
starts,8e-05
step,8e-05
stone,8e-05
stored,8e-05
straightforward,8e-05
strangeness,8e-05
stranger,8e-05
strangest,8e-05
strike,8e-05
strikes,8e-05
striking,8e-05
strives,8e-05
striving,8e-05
struck,8e-05
structure,8e-05
struggling,8e-05
studies,8e-05
sublime,8e-05
subscribe,8e-05
subsequent,8e-05
subsequently,8e-05
subsumed,8e-05
subsumptions,8e-05
success,8e-05
successively,8e-05
suffering,8e-05
sufficed,8e-05
suggestion,8e-05
suggestions,8e-05
sunset,8e-05
supplied,8e-05
surprised,8e-05
surrender,8e-05
surrounded,8e-05
surveys,8e-05
survive,8e-05
surviving,8e-05
suspended,8e-05
swamp,8e-05
sweet,8e-05
synonymous,8e-05
systematize,8e-05
tablecloth,8e-05
tactile,8e-05
tap,8e-05
task,8e-05
tasting,8e-05
taught,8e-05
taxes,8e-05
telegram,8e-05
temper,8e-05
temperaments,8e-05
tempted,8e-05
tending,8e-05
tenet,8e-05
term,8e-05
texts,8e-05
texture,8e-05
theses,8e-05
thesis,8e-05
thraldom,8e-05
throw,8e-05
throws,8e-05
thwarting,8e-05
timeless,8e-05
tincture,8e-05
tolerably,8e-05
tongue,8e-05
toothache,8e-05
topics,8e-05
total,8e-05
touches,8e-05
traditional,8e-05
trains,8e-05
trammels,8e-05
transcribe,8e-05
transcription,8e-05
transfer,8e-05
transform,8e-05
transitory,8e-05
travels,8e-05
treated,8e-05
treating,8e-05
treatment,8e-05
triangularity,8e-05
trifling,8e-05
trotting,8e-05
trouble,8e-05
troubled,8e-05
troubles,8e-05
trusted,8e-05
tuning,8e-05
type,8e-05
types,8e-05
typical,8e-05
tyranny,8e-05
unaccustomed,8e-05
unaffected,8e-05
unattainable,8e-05
uncertain,8e-05
unchanged,8e-05
unchanging,8e-05
uncomfortable,8e-05
uncommon,8e-05
unconscious,8e-05
undeniable,8e-05
undeniably,8e-05
underlie,8e-05
underlies,8e-05
undertake,8e-05
undiminished,8e-05
undue,8e-05
unenforceability,8e-05
unexpectedly,8e-05
unexperienced,8e-05
unimportant,8e-05
unites,8e-05
uniting,8e-05
unlearn,8e-05
unlink,8e-05
unplausible,8e-05
unprotected,8e-05
unpublished,8e-05
unreflectingly,8e-05
unreflective,8e-05
unsafe,8e-05
unsolicited,8e-05
unsolved,8e-05
unsound,8e-05
unsuspected,8e-05
unusual,8e-05
unwarrantable,8e-05
unwise,8e-05
updated,8e-05
upset,8e-05
upstairs,8e-05
urges,8e-05
usage,8e-05
vagueness,8e-05
vaguer,8e-05
vain,8e-05
valleys,8e-05
variable,8e-05
variations,8e-05
variety,8e-05
variously,8e-05
varying,8e-05
vast,8e-05
veil,8e-05
verification,8e-05
version,8e-05
viewing,8e-05
vindicate,8e-05
violates,8e-05
violent,8e-05
virtuous,8e-05
virus,8e-05
voice,8e-05
voices,8e-05
void,8e-05
volume,8e-05
volunteer,8e-05
voyage,8e-05
walk,8e-05
walks,8e-05
walled,8e-05
walls,8e-05
war,8e-05
warranties,8e-05
warrants,8e-05
waste,8e-05
wear,8e-05
wearing,8e-05
weather,8e-05
weight,8e-05
west,8e-05
window,8e-05
wise,8e-05
wonderful,8e-05
wooden,8e-05
wore,8e-05
worst,8e-05
wrings,8e-05
writers,8e-05
yield,8e-05
